Variables,Zone,Param_means,Param_vars,Param_sd
NN,Ambient,0.1453846153846154,0.0021935897435897433,0.046835774185869324
NN,Diffuse,2.1472222222222226,10.591115359477126,3.254399385367003
NN,Transition,5.5744444444444445,15.516552777777775,3.9391055809381115
Phosphate,Ambient,0.12230769230769231,1.192307692307693e-4,0.01091928428198338
Phosphate,Diffuse,0.1761111111111111,0.013178104575163399,0.11479592577771826
Phosphate,Transition,0.2788888888888889,0.009711111111111111,0.09854496999396321
Salinity,Ambient,34.63006482076923,8.500270085316086e-4,0.029155222663042872
Salinity,Diffuse,34.06920569444444,0.591745553708993,0.7692499942859883
Salinity,Transition,32.90601472777778,0.6108284703695206,0.7815551614374513
Silicate,Ambient,1.5007692307692309,0.06785769230769231,0.2604950907554542
Silicate,Diffuse,14.878333333333334,327.8297794117647,18.106070236574382
Silicate,Transition,42.08111111111111,325.582436111111,18.043903017670843
TA,Ambient,2266.731648153846,819.6663606816423,28.62981593866161
TA,Diffuse,2263.2838301666666,894.5116725249894,29.9083879960955
TA,Transition,2268.8669272222223,967.4937511155118,31.104561580506353
Temp_in,Ambient,24.395474626153845,0.07243604960071831,0.2691394612477299
Temp_in,Diffuse,24.102599485555555,0.10116022826715852,0.3180569575833211
Temp_in,Transition,24.04671426333333,0.3013829325440986,0.5489835448755259
pH,Ambient,7.97982064,0.004890250410527572,0.06993032539984045
pH,Diffuse,7.994050895611111,0.0035613075318807466,0.05967669169684883
pH,Transition,8.011,0.002440000000000007,0.04939635614091394
percent_sgd,Ambient,0.19231820646153847,0.0012380529976555113,0.035185977287202234
percent_sgd,Diffuse,1.890135498,5.310189456716194,2.3043848325998404
percent_sgd,Transition,5.357544850777778,5.356192821260175,2.31434500912465
